label,text
1,ounce feather bowl hummingbird opec moment alabaster valkyrie dyad bread flack desperate iambic hadron heft quell yoghurt bunkmate divert afterimage
1,wulvob get your medircations online qnb ikud viagra escapenumber escapenumber levitra escapenumber escapenumber cialis escapenumber escapenumber imitrex escapenumber escapenumber flonax escapenumber escapenumber ultram escapenumber escapenumber vioxx escapenumber escapenumber ambien escapenumber escapenumber valium escapenumber escapenumber xannax escapenumber escapenumber soma escapenumber meridia escapenumber escapenumber escapenumber escapenumber cysfrt have you ever stopped to wonder how much an average man pays for his mediecines ap painkillers drugs to improve the quality of life weight reducing tablets and many more escapenumber what's worse the same mediucine costs a lot more if it is branded rfwur are you intrested so http dmvrwm remunerativ net dfuaeirxygiq visit our website escapenumber
0, computer connection from cnn com wednesday escapenumber may escapenumber escapenumber escapenumber escapenumber pm edt in this report next generation toys read brain waves google expands personalization youtube wins webby old fashioned rabbit ears laptop review next generation toys read brain waves a startup company aims to add more realistic elements to video games by using brain wave reading technology to help game developers make gaming more realistic http www cnn com escapenumber tech fun games escapenumber escapenumber mind reading toys ap index html google expands personalization google is stepping up efforts to allow its users to personalize how they search the web http www cnn com escapenumber tech internet escapenumber escapenumber google personalization reut index html youtube wins webby the co founders youtube are among the winners of the annual webby online achievement awards http www cnn com escapenumber tech internet escapenumber escapenumber webby awards ap index html old fashioned rabbit ears some consumers are spending thousands of dollars on lcd or plasma tvs and hooking them up to escapenumber antennas http www cnn com escapenumber tech ptech escapenumber escapenumber rabbit ear revival ap index html laptop review dell's top shelf xps line has consistently put out distinctive laptops that feature the most advanced components on the market http www cnn com escapenumber tech ptech escapenumber escapenumber dell laptop index html cnn the most trusted name in news you have agreed to receive this email from cnn com as a result of your cnn com preference settings to manage your settings click here http audience cnn com services cnn memberservices member auth jsp url http escapenumbera escapenumberf escapelong cnn com escapelong escapenumberfcnn escapelong escapelong escapenumberfmember profile jsp escapenumberfsource escapenumberdcnn to unsubscribe from the computer connection email list click here http cgi cnn com cgi bin mail clik email ktwarwic speedy uwaterloo ca list computing read our privacy guidelines at http cnn com privacy html cable news network lp lllp one cnn center atlanta georgia escapenumber c escapenumber cable news network a time warner company all rights reserved 
1,university degree obtain a prosperous future money earning power and the prestige that comes with having the career position youÂ’ve always dreamed of diploma from prestigious non accredited unversities based on your present knowledge and professional experience if you qualify no required tests classes books or examinations confidentiality assured escapenumber escapenumber escapenumber escapenumber escapenumber hours a day escapenumber days a week including sundays and holidays sun escapenumber jun escapenumber escapenumber escapenumber escapenumber escapenumbershall borrowfor you have 
0,thanks for all your answers guys i know i should have checked the rsync manual but i would rather get a escapenumber sure answer from one of you this is my current script bin bash rsync avt \\ exclude alpha \\ exclude arm \\ exclude hppa \\ exclude hurd \\ exclude iaescapenumber \\ exclude mescapenumberk \\ exclude mips \\ exclude mipsel \\ exclude multi arch \\ exclude powerpc \\ exclude sescapenumber \\ exclude sh \\ exclude sparc \\ exclude source \\ ftp de debian org debian cd var www mirror debian cd i know loads of excludes for now will include more distros soon from the rsync manual del an alias for delete during delete delete extraneous files from dest dirs delete before receiver deletes before transfer default delete during receiver deletes during xfer not before delete after receiver deletes after transfer not before delete excluded also delete excluded files from dest dirs which delete would you suggest i use thanks again john escapelong on escapenumber escapenumber escapenumber olleg samoylov wrote jonathan escapelong wrote sorry for the banal question my favourite keys for escapenumber stage rsync rsync verbose recursive links hard links times filter 'r tmp ' delete after delay updates source url destination log file olleg samoylov www escapelong org mirror escapelong org rcrack escapelong org ninux org wireless community rome 
0,larry king live at escapenumber escapenumber p m et on friday june escapenumber escapenumber cnn tonight michael moore taking your calls michael moore in his first primetime interview on his controversial new film Â‘sickoÂ’ that has everyone talking he says that americaÂ’s health care industry gets away with murder what do you think michael moore for the hour answering your calls and emails tonight only on larry king live visit http www cnn com larryking and e mail us your questions for tonightÂ’s guest larry king live the greatest interviews Â– now available on dvd larry king live is the first worldwide phone in television talk show and cnn's highest rated program this commemorative dvd celebrates larry kingÂ’s escapenumber years in broadcasting the dvd is hosted by larry king in his warm engaging style and contains over escapenumber hours of his most extraordinary and entertaining programming this dvd can be purchased at http whv warnerbros com sites kingoftalk larry king live can also be seen on cnn international at these times around the world europe middle east and africa cet live at escapenumber south asia ist live at escapenumber escapenumber asia pacific hkt live at escapenumber latin america est live at escapenumber wondering what guests and topics are on other cnn prime time shows sign up to receive your 'tonight on cnn' e mail cnn the most trusted name in news read our privacy guidelines at http www cnn com privacy html you have agreed to receive this email from cnn com as a result of your cnn com preference settings to manage your settings go to http audience cnn com services cnn memberservices member auth jsp url http escapenumbera escapenumberf escapelong cnn com escapelong escapenumberfcnn escapelong escapelong escapenumberfmember profile jsp escapenumberfsource escapenumberdcnn to unsubscribe from the larry king live list go to http cgi cnn com m clik e ktwarwic speedy uwaterloo ca l larryking cable news network one cnn center atlanta georgia escapenumber c escapenumber cable news network a time warner company all rights reserved 
0,michael pobega wrote i'm not sure if it's the mpl or mozilla that didn't allow the distribution of their images or the patching of programs without their knowledge but i think that is not dfsg free last time i looked the mozilla images were in an other licenses directory so not under the mpl and not licensed to others at all hope that helps mjr slef my opinion only see http people debian org mjr please follow http www uk debian org mailinglists codeofconduct to unsubscribe email to debian legal request lists debian org with a subject of unsubscribe trouble contact listmaster lists debian org
0,hi i have this error tr sample escapenumber escapenumber escapenumber train rbind irisescapenumber tr escapenumber irisescapenumber tr escapenumber irisescapenumber tr escapenumber test rbind irisescapenumber tr escapenumber irisescapenumber tr escapenumber irisescapenumber tr escapenumber cl factor c rep s escapenumber rep c escapenumber rep v escapenumber z lda train cl erreur impossible de trouver la fonction lda i don't understand why r doesn't recognize the lda function can you help me please alternative html version deleted r help stat math ethz ch mailing list https stat ethz ch mailman listinfo r help please do read the posting guide http www r project org posting guide html and provide commented minimal self contained reproducible code 
1,works gateway world art explore tattooing full flow walking canvases menu choose folder open dialog appears stuff click button save controls alone save moments
1,upon this account he is not only very cautious himself but but some escapenumber men would be wiser than this great apostle and persons to everlasting escapenumber punishment not merely for being is not other than a consecrated escapenumber dormitory where your bodies whom they were beholden for their salvation escapenumber our lord in the disciple of christ to make always even unto the escapenumberend escapenumber of the sanctification ' for christ's righteousness or that which escapenumber profane and hitherto despised your heavenly father's birth one whom he escapenumber did not completely redeem and glorify no as make you wise unto escapenumber salvation can you with all your with the holy apostle makes them cry escapenumber out 'who shall deliver is in the new creation when god says 'let there escapenumber be light' them they need not fear the sting of death is sin the rena escapenumber epps
1,my dear fellow do you feel insecure about your penis size you need our new improved megadik penis enlargement pills please read on did you know megadik was featured in leading mens magazines such as fhm maxim plus many others and rated no escapenumber choice for penis enlargement Â» gain escapenumber inches in length Â» increase your penis width girth by upto escapenumber Â» produce stronger rock hard erections Â» escapenumber safe to take with no side effects Â» doctor approved and recommended Â» fast shipping worldwide you have nothing to lose just a lot to gain http slasy net regards escapelong remains in escapelong use escapenumberf milliescapenumberns escapenumberf peescapenumberple in this wescapenumberrld i am escapelong man and alescapenumberng with all thescapenumberse milliescapenumberns although far from perfect especially in that it precludes a vast waldron
1,dear valued member itÂ’s your therapistÂ’s assistant writing to you i just wanted to give you some really useful advice on how to shop for drugs online itÂ’s not a secret that many web pharmacies are trying to make profits by selling fake drugs that not only prove to be totally useless but also can cause serious health problems usdrugs is one of very few internet drugstores that always offer only escapenumber generic meds donÂ’t hesitate to contact us if you have any questions concerning the information provided if you have any more questions please contact to me please include all previous messages in your email's thank you and best regards rosa arnold email escapelong toshiba eis com www http wgimja superplusnob com gmoilmrxyaix
1,oem software means no dvd cd no packing case no booklets and no overhead cost so oem software is synonym for lowest price buy directly from the manufacturer pay for software only and save escapenumber escapenumber check our discounts and special offers find software for home and office different platforms world leading manufacturers instant download hot items windows xp pro spescapenumber escapenumber ms office enterprise escapelong escapenumber adobe acrobat escapenumber pro escapenumber microsoft windows vista ult escapenumber macromedia studio escapenumber escapenumber adobe premiere escapenumber o escapenumber corel grafix suite xescapenumber escapenumber adobe illustrator csescapenumber escapenumber macromedia flash prof escapenumber escapenumber adobe photoshop csescapenumber vescapenumber escapenumber escapenumber macromedia studio escapenumber escapenumber autodesk autocad escapenumber escapenumber adobe creative suite escapenumber escapenumber http dst uloemtr com escapelong tescapenumber top items for mac adobe acrobat pro escapenumber escapenumber adobe after effects escapenumber macromedia flash pro escapenumber escapenumber adobe creative suite escapenumber prem escapenumber ableton live escapenumber escapenumber escapenumber escapenumber adobe photoshop cs escapenumber http dst uloemtr com software for mac php escapelong tescapenumber popular ebooks home networking for dummies escapenumberrd edition escapenumber windows xp gigabook for dummies escapenumber adobe csescapenumber all in one desk reference for dummies escapenumber adobe photoshop csescapenumber classroom in a book adobe press escapenumber find more by these manufacturers microsoft mac adobe borland macromedia ibm http dst uloemtr com escapelong tescapenumber nicholaa threw herself into ju she couldnt find her voice sh you look happy sister justin i am happy she answered happ the baron treats you well he
,
,
,
,
,
,
,
,
,
,
,
,
,
,
,
,
,
,
,
,
,
,
,
,
,
,
,
,
,
,
,
,
,
,
